이름,입영 시간
강중위,오후 8:02:53
강중위,오후 8:50:49
강중위,오후 7:48:58
강중위,오후 7:31:43
강중위,오후 6:19:59
강중위,오후 8:56:48
강중위,오후 7:16:53
강중위,오후 7:17:30
강중위,오후 8:02:53
강중위,오후 7:12:56
강중위,오후 6:54:29
강중위,오후 6:06:07
강중위,오후 7:18:30
강중위,오후 8:29:28
강중위,오후 6:01:08
강중위,오후 8:46:47
강중위,오후 8:56:48
강중위,오후 6:07:12
강중위,오후 6:56:30
강중위,오후 8:22:24
강중위,오후 8:22:24
강중위,오후 8:02:53
강중위,오후 8:22:24
강중위,오후 8:56:48
강중위,오후 8:46:47
강중위,오후 6:10:46
강중위,오후 8:58:33
강중위,오후 6:08:50
강중위,오후 8:32:46
강중위,오후 8:22:24
강중위,오후 8:32:46
강중위,오후 6:36:24
강중위,오후 8:29:28
강중위,오후 7:34:28
강중위,오후 8:29:28
강중위,오후 8:32:46
강중위,오후 8:50:49
강중위,오후 7:46:51
강중위,오후 8:02:53
강중위,오후 6:15:13
강중위,오후 8:29:28
강중위,오후 8:46:47
강중위,오후 8:46:47
강중위,오후 6:46:50
강중위,오후 8:32:46
강중위,오후 8:50:49
강중위,오후 8:50:49
강중위,오후 6:54:53
강중위,오후 7:56:45